Id,Pawpularity
4128bae22183829d2b5fea10effdb0c3,41.715305
43a2262d7738e3d420d453815151079e,42.801285
4e429cead1848a298432a0acad014c9d,41.648693
80bc3ccafcc51b66303c2c263aa38486,43.00066
8f49844c382931444e68dffbe20228f4,41.62913
b03f7041962238a7c9d6537e22f9b017,42.125572
c978013571258ed6d4637f6e8cc9d6a3,41.67228
e0de453c1bffc20c22b072b34b54e50f,42.51402
